segment_start_sec,segment_end_sec,mfcc,spectral_centroid,spectral_bandwidth,spectral_contrast,spectral_rolloff,zero_crossing_rate,rmse
0.0,1.0,"[-644.13232421875, 126.6314926147461, -44.21971130371094, 43.2118034362793, 0.15703357756137848, 11.241201400756836, -2.3900012969970703, -9.376789093017578, -1.9489778280258179, 0.6666425466537476, 13.415700912475586, 1.0241451263427734, -0.6433090567588806]",2317.5105707106945,2698.8098161362686,15.670687585266208,4667.802526595745,0.04821517619680851,0.002716177375987172
1.0,2.0,"[-682.8216552734375, 154.11058044433594, -37.502960205078125, 53.65512466430664, -3.553769111633301, 6.13532018661499, 10.678716659545898, -12.697452545166016, 4.14591121673584, 0.6622207164764404, 8.206648826599121, 3.730131149291992, 6.1010637283325195]",2729.458748670899,3465.4546505687513,16.13381873402989,5766.622340425532,0.05714448969414894,0.0005994066596031189
2.0,3.0,"[-695.48193359375, 149.5787811279297, -27.1689395904541, 59.62080383300781, -3.794724702835083, 11.267367362976074, 9.2107572555542, -11.589513778686523, 6.52131986618042, 0.3713546395301819, 11.071186065673828, -3.0853962898254395, 6.35586404800415]",2755.7284325070405,3672.4180074731157,15.457567673540662,5980.80119680851,0.05436024767287234,0.00047574908239766955
3.0,4.0,"[-689.8316040039062, 146.20265197753906, -25.187522888183594, 61.7232551574707, -1.8802781105041504, 20.07143211364746, 11.44268798828125, -4.900314807891846, 7.389402866363525, 0.3486323356628418, 11.453832626342773, -3.432713270187378, 8.325377464294434]",2797.019462195073,3748.227059454776,14.682177291207278,6170.545212765957,0.047269780585106384,0.0005150061333552003
4.0,5.0,"[-511.7339172363281, 138.7383575439453, -87.63533020019531, 38.85122299194336, -19.97380256652832, 23.344829559326172, -11.629596710205078, 1.9080880880355835, -6.198051452636719, 3.3741087913513184, 13.864721298217773, -0.6043273210525513, 12.191611289978027]",3437.995769207628,3014.2739635307653,15.678909190577876,6143.866356382979,0.10197286402925532,0.00387870566919446
5.0,6.0,"[-571.679443359375, 175.0322723388672, -69.38334655761719, 44.44445037841797, 11.701817512512207, 29.822681427001953, -7.4732794761657715, 0.2157980501651764, -2.391629219055176, 10.734638214111328, 12.872041702270508, -0.7386906147003174, -0.2337975651025772]",2387.596255055368,2780.0598127794105,16.194844464506943,4184.840425531915,0.058043134973404256,0.002423178870230913
6.0,7.0,"[-604.3218994140625, 141.6276092529297, -20.713560104370117, 61.80523681640625, -9.570077896118164, 37.501869201660156, -17.682714462280273, 10.795919418334961, -16.525827407836914, 11.59050178527832, 2.093319892883301, -2.1938047409057617, 11.60057544708252]",3178.136008043027,4242.893975380299,15.587007880615845,7799.202127659574,0.041883103390957445,0.0013897847384214401
7.0,8.0,"[-613.5156860351562, 174.805908203125, -0.7478277087211609, 50.58266067504883, 16.10029411315918, 11.533639907836914, -2.859633445739746, -1.3770153522491455, -21.961641311645508, 9.69857120513916, -3.95349383354187, -6.716412544250488, 10.045950889587402]",1695.3083661267206,2972.9625925332334,17.21779775818998,3333.3610372340427,0.023203748337765957,0.0031946327071636915
8.0,9.0,"[-579.4563598632812, 157.1805419921875, -26.800888061523438, 58.3020133972168, -10.909402847290039, 40.2178955078125, -16.18814468383789, 5.742064952850342, -18.807863235473633, 5.216485977172852, -1.6901397705078125, -1.4033215045928955, 13.796792984008789]",2606.411988927993,3733.101228998779,16.290323845319662,6034.408244680851,0.03865733045212766,0.0018587099621072412
9.0,10.0,"[-492.9549255371094, 132.18533325195312, -53.0627555847168, 42.34419250488281, -25.544462203979492, 37.891239166259766, -16.436922073364258, 3.3375370502471924, -16.807205200195312, 2.351313352584839, -2.182487726211548, 8.334383010864258, 12.44533634185791]",3765.349276319025,3847.8696599901355,16.16054185382762,7915.641622340426,0.09035800365691489,0.00241815485060215
10.0,11.0,"[-550.5828857421875, 134.85699462890625, -51.15610122680664, 58.38172149658203, -24.068695068359375, 36.93837356567383, -26.19906234741211, 10.199264526367188, -9.742656707763672, 11.234468460083008, 2.1684257984161377, 1.6286882162094116, 12.9796142578125]",3930.02604481926,4067.33932072239,15.069774578104518,8519.780585106382,0.09570831948138298,0.0011517293751239777
11.0,12.0,"[-575.2667846679688, 147.63943481445312, -47.28489685058594, 45.95648956298828, -2.0371105670928955, 34.20623779296875, -15.922651290893555, 1.9884291887283325, -8.1998872756958, 13.518460273742676, 0.015958258882164955, -0.11218182742595673, 9.141897201538086]",3064.010383535361,3554.94375457425,15.671676722233663,6388.962765957447,0.07190720578457446,0.0016358845168724656
12.0,13.0,"[-557.5153198242188, 149.09506225585938, -4.416471004486084, 37.72051239013672, 10.21171760559082, 21.482093811035156, 4.344051361083984, -5.0551629066467285, -9.003111839294434, 10.18098258972168, -4.760077953338623, -2.5430362224578857, 2.48075532913208]",2131.999952576412,3309.191595969739,16.973554043824198,4605.219414893617,0.0320551446143617,0.005711443722248077
13.0,14.0,"[-407.8870544433594, 182.95852661132812, -42.783443450927734, 48.38112258911133, -11.070426940917969, 49.09765625, 11.27755069732666, -23.543996810913086, 6.730942249298096, 7.636037826538086, -4.652587413787842, -1.7892128229141235, -1.7882897853851318]",2280.1049749348185,2698.093547139412,19.219727178910833,4275.847739361702,0.05872361203457447,0.015450986102223396
14.0,15.0,"[-499.0098571777344, 160.06631469726562, -39.70221710205078, 32.942230224609375, -9.225470542907715, 36.224876403808594, -3.042123556137085, -8.602084159851074, -2.187627077102661, 15.10421085357666, -4.123049259185791, -6.606593132019043, 4.778738498687744]",2661.7205670605777,3194.638670209211,16.751189634510748,5321.060505319149,0.0597417303856383,0.004543385002762079
15.0,16.0,"[-495.0767517089844, 137.7555389404297, -18.01578140258789, 41.7963752746582, 17.239849090576172, 37.46979904174805, 5.684471130371094, -22.464080810546875, 1.850732684135437, 11.776335716247559, 2.37528657913208, -6.605989933013916, -6.590803623199463]",2690.6270110352775,3276.071976357689,18.261599623705518,5916.223404255319,0.05936772772606383,0.009927750565111637
16.0,17.0,"[-485.7055358886719, 162.58961486816406, -27.76716423034668, 47.154014587402344, -12.218090057373047, 41.885711669921875, 8.972834587097168, -21.721412658691406, 4.823155403137207, 19.70292854309082, -2.5026278495788574, -14.989372253417969, -2.6911683082580566]",2510.0885806368333,3079.3031593946976,18.7535933295336,5500.581781914893,0.06053129155585106,0.00742247374728322
17.0,18.0,"[-523.2216796875, 155.07785034179688, -47.86306381225586, 14.051382064819336, 1.4058904647827148, 19.905475616455078, -2.906623601913452, 4.356500148773193, -1.7091020345687866, 10.095779418945312, -9.28281021118164, -0.21887755393981934, 10.46995735168457]",2467.418085308591,2934.2557759533497,16.86524664385585,4141.954787234043,0.060723487367021274,0.003916062880307436
18.0,19.0,"[-438.6716613769531, 168.38563537597656, -47.40604782104492, 45.011680603027344, -8.4943265914917, 45.902774810791016, 1.8822296857833862, -15.275139808654785, 3.3101651668548584, 5.758597373962402, -6.9899187088012695, -10.12346363067627, 1.6004332304000854]",2408.065321179137,2821.4377930245623,19.09206088122257,5052.277260638298,0.058858668550531915,0.012125932611525059
19.0,20.0,"[-585.0223388671875, 161.4042205810547, -20.51133918762207, 64.98722839355469, -10.132218360900879, 27.6241397857666, -11.837187767028809, 6.84055757522583, -8.798150062561035, 6.483870506286621, -8.08980655670166, -5.481014728546143, 2.023498773574829]",2333.517779489157,3522.998217314738,17.091918397360104,5477.144281914893,0.03168114195478723,0.002574213547632098
20.0,21.0,"[-447.4608154296875, 156.64598083496094, -9.95609188079834, 32.24895095825195, 21.987091064453125, 23.24582862854004, 9.53226375579834, -10.018381118774414, 2.922879219055176, 1.3809263706207275, -9.160480499267578, -5.964011192321777, -9.914644241333008]",1942.3736529700607,2533.5111224962484,19.126252948375843,3913.563829787234,0.034948470744680854,0.01737310364842415
21.0,22.0,"[-448.6374816894531, 174.1532440185547, -14.44391918182373, 30.23752784729004, 5.113381862640381, 35.19320297241211, 10.761149406433105, -33.644859313964844, 1.988607406616211, 11.42320442199707, -9.063711166381836, -2.701650857925415, -4.6343183517456055]",2031.1020530273747,2566.765337048349,19.68667501413253,3870.678191489362,0.0471451130319149,0.017359206452965736
22.0,23.0,"[-609.8505859375, 128.1301727294922, -21.935100555419922, 60.9222526550293, -6.688538074493408, 37.633811950683594, -15.425848960876465, 19.514076232910156, -11.699692726135254, 16.2882022857666, 0.7257713675498962, -3.3319191932678223, 11.581219673156738]",3746.4651107642208,4567.183414938426,14.053192180512484,9351.063829787234,0.06231299867021277,0.000928508467040956
23.0,24.0,"[-401.1277770996094, 160.6802520751953, -36.72652816772461, 51.326866149902344, 6.649219036102295, 48.7591667175293, 6.021243572235107, -12.966320037841797, -12.924542427062988, -5.124509334564209, 9.980966567993164, -3.37953782081604, 5.896594047546387]",2200.385901099973,2843.216386133611,19.128125228431728,4517.702792553191,0.04077667885638298,0.022495346143841743
24.0,25.0,"[-470.3774108886719, 132.39129638671875, -42.89394760131836, 37.58953094482422, -3.3760786056518555, 37.31324768066406, -5.768914222717285, -3.6414644718170166, -11.669092178344727, 3.2831382751464844, 11.985011100769043, -2.154554605484009, 11.428343772888184]",3246.5064235417635,3470.5479440352497,16.85186524624294,6755.485372340426,0.08041576628989362,0.006215973757207394
25.0,26.0,"[-547.8049926757812, 135.6498260498047, -61.88620376586914, 63.916996002197266, -12.877571105957031, 43.60822296142578, -16.300052642822266, 16.567832946777344, -10.890198707580566, 7.660365104675293, 9.268826484680176, -1.9174249172210693, 10.278996467590332]",3751.905637132045,3778.8986622855164,15.378884510242628,7773.271276595745,0.08441032247340426,0.0018856003880500793
26.0,27.0,"[-437.9440612792969, 151.07769775390625, -18.361406326293945, 57.132320404052734, -14.667709350585938, 37.3500862121582, 5.857043266296387, -2.0777480602264404, -18.021303176879883, -3.1099720001220703, -4.692666530609131, -2.9910976886749268, 5.805481433868408]",2784.178444627372,3530.9673379678215,18.45514109821006,6602.892287234043,0.03910405585106383,0.012638523243367672
27.0,28.0,"[-467.4012756347656, 129.701416015625, -31.81264305114746, 58.50426483154297, 5.270069599151611, 39.579933166503906, 3.171312093734741, -5.860198974609375, -10.220563888549805, 0.6815089583396912, 3.160245418548584, -1.1135865449905396, 2.2566628456115723]",3399.7341224463567,3626.5186685825875,17.22401519153895,7369.099069148936,0.0760731798537234,0.008456519804894924
28.0,29.0,"[-478.83251953125, 137.6761932373047, -52.99464797973633, 59.70979309082031, 3.1332461833953857, 42.717140197753906, -9.25096321105957, -5.108170032501221, -16.905282974243164, 8.67690372467041, 6.886587142944336, -5.30210018157959, 9.178217887878418]",3242.526147420793,3410.92278359761,16.788220622071112,6694.398271276596,0.07738738364361702,0.006168238818645477
29.0,30.0,"[-472.41015625, 114.83228302001953, -27.448896408081055, 22.422449111938477, 7.148647785186768, 22.49616050720215, 1.902730941772461, -5.23203182220459, -9.843369483947754, 0.8707472085952759, 4.146792411804199, 0.1713538020849228, 4.813394546508789]",3493.527563455422,3619.2951816191426,15.847687675355473,7278.590425531915,0.09030605884308511,0.007257766555994749
30.0,31.0,"[-434.6636962890625, 154.89732360839844, -43.0579719543457, 47.19528579711914, -1.2653100490570068, 33.926029205322266, -1.3907735347747803, -10.407929420471191, -17.343385696411133, 7.337966442108154, 2.6155078411102295, -4.9232635498046875, 18.534563064575195]",2801.3648131754953,3106.711416712322,17.576730245352703,5613.530585106383,0.06644780585106383,0.01035609096288681
31.0,32.0,"[-551.9447021484375, 152.52638244628906, -40.36589813232422, 63.39878463745117, -10.157760620117188, 37.79587173461914, -13.020115852355957, 7.584456443786621, -6.557982921600342, 4.219479560852051, 10.113101959228516, 4.408407688140869, 18.3692569732666]",2883.2942575040415,3587.801477525455,16.253819160075405,6555.01994680851,0.046693193151595744,0.0023251022212207317
32.0,33.0,"[-450.15142822265625, 134.87294006347656, -49.66847610473633, 56.056034088134766, 11.617105484008789, 32.530086517333984, -11.020411491394043, -5.721010684967041, -9.653221130371094, 1.9581282138824463, 1.5293655395507812, 3.901395082473755, 12.223544120788574]",3076.6161454987405,3175.751224718697,17.38381973892326,6052.859042553191,0.07515375664893617,0.011651185341179371
33.0,34.0,"[-482.6107177734375, 139.41650390625, -51.997802734375, 52.673152923583984, -4.678547382354736, 41.81681823730469, -15.577995300292969, 7.620009899139404, -13.93624210357666, 5.8714919090271, 10.853486061096191, 0.9125505685806274, 9.714179039001465]",3296.964215279125,3582.230076330693,17.22365046495096,6772.689494680851,0.0692839926861702,0.003882766468450427
34.0,35.0,"[-372.52996826171875, 124.32223510742188, -0.4457738399505615, 37.16176986694336, 16.568931579589844, 19.43670082092285, -4.253678798675537, -10.056085586547852, -2.765674352645874, -2.9569640159606934, -3.2575700283050537, -2.6735587120056152, 2.3201611042022705]",2995.346566668794,3265.9907156314466,18.863722435929564,6473.986037234043,0.06871779421542554,0.03450547903776169
35.0,36.0,"[-381.1402893066406, 117.12029266357422, -28.797584533691406, 43.12131881713867, -5.553549766540527, 31.530658721923828, -10.146140098571777, 1.358842372894287, -11.202707290649414, -4.734707355499268, -7.45959997177124, -5.674479961395264, 7.0144782066345215]",4101.661509289601,3959.728848267109,17.54465993140298,8593.583776595744,0.10848674368351063,0.020579224452376366
36.0,37.0,"[-380.6036376953125, 130.82752990722656, -55.11752700805664, 46.508487701416016, 5.470372200012207, 22.156465530395508, -9.680652618408203, -1.2306450605392456, -10.17554759979248, -0.7371967434883118, -2.3191449642181396, 3.484549045562744, 1.5329971313476562]",3646.8610981303323,3311.407553210265,17.204465849435042,6900.099734042553,0.10799846243351063,0.016535403206944466
37.0,38.0,"[-459.44451904296875, 109.4338150024414, -17.469013214111328, 37.99888229370117, 7.116201400756836, 26.4349365234375, 0.9529609084129333, 5.708155632019043, -5.108908653259277, 3.064138650894165, -0.2906833589076996, 1.333225131034851, 8.402118682861328]",3826.7513404724386,4195.417129076662,15.746369997473241,8728.972739361701,0.07476936502659574,0.007531990297138691
38.0,39.0,"[-538.3074951171875, 126.70243072509766, -27.0888729095459, 33.200931549072266, -6.021514415740967, 35.002586364746094, -15.84152889251709, 19.679433822631836, -12.766139030456543, 23.883901596069336, -3.270153284072876, 11.007734298706055, 4.506504058837891]",3727.0872572134217,4521.409022657548,15.173145635681808,8579.87034574468,0.06701400432180851,0.0018487810157239437
39.0,40.0,"[-479.1031799316406, 140.36746215820312, -14.411447525024414, 26.377592086791992, 4.509426593780518, 29.225284576416016, -1.1396794319152832, 1.424543857574463, -2.232647180557251, 13.15538215637207, -5.259615421295166, 6.191389560699463, 10.320659637451172]",3172.251524735261,3940.682731308996,16.553561609570533,7369.099069148936,0.05516539228723404,0.009576993063092232
40.0,41.0,"[-379.4933166503906, 178.4814453125, -46.767333984375, 38.9581184387207, -3.284316062927246, 45.815948486328125, 8.81267261505127, -16.980724334716797, 11.096366882324219, 7.756298542022705, -12.001638412475586, 10.3591947555542, 14.83806324005127]",2402.4169444156732,2645.640999718018,18.833235364459572,4487.034574468085,0.06035987367021277,0.021746397018432617
41.0,42.0,"[-471.2118225097656, 140.0505828857422, -31.356752395629883, 23.723352432250977, -8.612948417663574, 39.94821548461914, -9.982233047485352, -2.3131308555603027, -13.6812162399292, 20.321046829223633, 2.995351552963257, 9.973955154418945, 7.376812934875488]",3248.3079448277967,4015.3574421988574,15.945202354251597,7297.789228723404,0.06652572307180851,0.004234162159264088
42.0,43.0,"[-530.4995727539062, 126.62187957763672, -27.666301727294922, 29.07292366027832, -8.86473274230957, 37.99049758911133, -13.190979957580566, 17.505022048950195, -20.432180404663086, 19.959819793701172, -8.309432983398438, 9.50289249420166, 5.095146179199219]",3922.564725085787,4621.787717780134,14.919559078627804,9222.65625,0.08254550365691489,0.001586750615388155
43.0,44.0,"[-443.1702880859375, 158.0282745361328, -6.784429550170898, 32.07846450805664, -8.052867889404297, 38.799930572509766, 15.744876861572266, -18.81932830810547, 1.1766724586486816, 14.388906478881836, -14.22087574005127, -1.561269760131836, 10.29831314086914]",2860.409328360157,3547.8473441038354,18.366147996763722,6867.436835106383,0.0610611286569149,0.0180157832801342
44.0,45.0,"[-405.7498779296875, 176.14659118652344, -32.884403228759766, 50.56345748901367, -19.69589614868164, 54.6783332824707, 12.800026893615723, -30.961397171020508, 8.016098022460938, 20.480661392211914, -8.983033180236816, -2.1810264587402344, 7.716941833496094]",2556.2890302711667,3011.036984645979,18.752264919925434,5749.418218085107,0.06153382646276596,0.015213508158922195
45.0,46.0,"[-399.0665588378906, 164.55630493164062, -47.55194854736328, 51.547359466552734, -28.12241554260254, 58.90874481201172, -1.695438027381897, -21.087867736816406, 7.599770545959473, 16.451934814453125, -15.267107009887695, -0.4128972589969635, 13.294971466064453]",3079.8968347064733,3215.4187535250558,18.829268780773443,6611.120345744681,0.07985995678191489,0.013333931565284729
46.0,47.0,"[-527.3815307617188, 166.47384643554688, -42.63139724731445, 36.13124465942383, -2.9605953693389893, 33.26827621459961, -9.087061882019043, -2.4180450439453125, -11.63744831085205, 10.173920631408691, -0.9275041222572327, 0.331155925989151, 13.785848617553711]",2533.75377286288,3186.4258899884217,17.174267405377503,4908.410904255319,0.050272190824468085,0.0034698289819061756
47.0,48.0,"[-479.3167724609375, 151.32852172851562, -9.505854606628418, 21.190521240234375, -0.27600839734077454, 31.190322875976562, 7.7634453773498535, -14.745282173156738, -3.999473810195923, 11.860365867614746, -1.0533123016357422, -1.3112787008285522, 10.24415111541748]",2276.887431638405,3161.323438015487,17.73717424093872,4576.047207446809,0.0431401678856383,0.010468191467225552
48.0,49.0,"[-429.484619140625, 195.94049072265625, -1.1012022495269775, 29.07249641418457, -19.650955200195312, 39.86510467529297, 16.148530960083008, -30.2236270904541, 14.575361251831055, 15.880050659179688, -9.770913124084473, 6.297287940979004, 1.3586516380310059]",1790.3771786334812,2551.4979173269758,19.86514703571795,4062.1675531914893,0.034112159242021274,0.017385900020599365
49.0,50.0,"[-415.25830078125, 159.36587524414062, -51.26764678955078, 53.36579895019531, -1.7143434286117554, 39.954219818115234, 5.979183197021484, -27.2720947265625, 10.32088565826416, 20.06983757019043, -7.045914173126221, 4.23151969909668, 4.436572551727295]",2674.402023401586,2721.6132976889917,18.734930440105643,5328.041888297872,0.07531478557180851,0.0140062365680933
50.0,51.0,"[-399.9918212890625, 191.80101013183594, -42.242706298828125, 43.124481201171875, -16.926795959472656, 41.47035598754883, 3.3725881576538086, -35.80774688720703, 16.636335372924805, 12.18942928314209, -14.758576393127441, 8.177140235900879, 8.315080642700195]",2290.654590090353,2650.230272230898,19.821947225137286,4957.529920212766,0.05542511635638298,0.01696518436074257
51.0,52.0,"[-459.30633544921875, 148.5007781982422, -21.340085983276367, 40.88458251953125, 11.973084449768066, 24.133129119873047, 8.325499534606934, -24.51474380493164, 8.680107116699219, 18.635303497314453, -5.158388614654541, 2.409954071044922, -1.088521122932434]",2352.019424545576,2755.8066946916415,19.067666515319708,4794.215425531915,0.050313746675531915,0.015909435227513313
52.0,53.0,"[-486.34918212890625, 140.2607879638672, -17.032217025756836, 24.000934600830078, 9.714641571044922, 24.060094833374023, -2.8861560821533203, -15.032114028930664, -2.540520668029785, 10.613755226135254, -0.12890054285526276, -3.144803047180176, -3.4254300594329834]",2918.6153296481675,3350.1563081373342,17.216241288177528,6302.443484042553,0.06516476894946809,0.010791817680001259
53.0,54.0,"[-538.3326416015625, 150.29734802246094, -59.5242805480957, 28.062685012817383, -12.415754318237305, 50.052833557128906, -23.918907165527344, 5.813376426696777, -16.545726776123047, 17.800682067871094, -1.3608862161636353, 0.1879778653383255, 13.70566463470459]",3312.829582892167,3704.2211781888464,15.342665659933601,6546.293218085107,0.08690367353723404,0.001768001588061452
54.0,55.0,"[-463.9183349609375, 144.2327423095703, -23.517824172973633, 44.963375091552734, 27.290199279785156, 28.33536148071289, 5.154794216156006, -20.334199905395508, 1.5549246072769165, 16.77298355102539, -2.5147082805633545, 1.4119778871536255, 4.814123630523682]",2557.15905411411,2833.661012863453,18.490833751670927,5438.746675531915,0.056261427859042555,0.020862406119704247
55.0,56.0,"[-511.666259765625, 159.6519012451172, -69.29813385009766, 28.657140731811523, -16.134531021118164, 45.467384338378906, -21.341962814331055, 2.5396568775177, -17.855504989624023, 18.23113441467285, 0.20630858838558197, 2.2569034099578857, 7.624741554260254]",3166.916816752178,3417.462336450723,14.907504483033081,6061.08710106383,0.0854959690824468,0.0024484354071319103
56.0,57.0,"[-489.2958679199219, 123.72282409667969, -22.261314392089844, 41.31675338745117, 9.215421676635742, 25.71908950805664, 8.965087890625, -8.842453002929688, -6.8063249588012695, 17.824138641357422, 5.526615142822266, -2.1899263858795166, 4.732844829559326]",3426.3005495171633,3570.6779373274735,17.098615711042317,7405.751329787234,0.08256108710106383,0.014820925891399384
57.0,58.0,"[-372.1048583984375, 157.343994140625, -64.58885955810547, 35.84994888305664, -3.2530927658081055, 47.029754638671875, 2.2949728965759277, -14.247870445251465, 7.177931308746338, 4.1269402503967285, -16.285261154174805, 14.317914009094238, 12.610812187194824]",2944.6665099196334,2677.878454765944,18.546641401389213,5301.363031914893,0.0858388048537234,0.021261971443891525
58.0,59.0,"[-467.9341735839844, 146.6676483154297, -68.99382019042969, 41.624961853027344, -1.3696341514587402, 39.80036163330078, 1.4469380378723145, -12.091628074645996, 1.3132684230804443, 9.058942794799805, -4.473816394805908, 3.1216702461242676, 8.983054161071777]",3086.2907168358774,3038.095920945989,16.716884163186297,6101.978058510638,0.08138713430851063,0.007918237708508968
59.0,60.0,"[-606.33203125, 127.09923553466797, -33.242801666259766, 43.829044342041016, -16.41694450378418, 40.6508674621582, -14.5612211227417, 20.517744064331055, -14.29463005065918, 13.498983383178711, -0.5932376384735107, -1.8586750030517578, 15.591309547424316]",4095.756662335908,4610.629495096858,14.328246596299795,9986.369680851063,0.08837890625,0.0007371632382273674
60.0,61.0,"[-477.177978515625, 145.5665283203125, -38.22508239746094, 37.66130065917969, 11.487786293029785, 36.22464370727539, 6.596482276916504, -14.399177551269531, 2.3406982421875, 8.876435279846191, -6.957270622253418, 5.653566837310791, 0.7900530099868774]",2853.743324918912,3044.8768215653035,17.48336704065567,5868.849734042553,0.07042158410904255,0.012269381433725357
61.0,62.0,"[-535.6865234375, 142.30723571777344, -63.91203308105469, 45.725379943847656, -21.402854919433594, 34.38420867919922, -17.845176696777344, 8.995490074157715, -14.907017707824707, 11.419785499572754, -2.6077117919921875, 0.44215619564056396, 14.44412899017334]",3649.8829403422405,3756.064922694317,15.033417815647063,7566.572473404255,0.09172934674202128,0.0018644770607352257
62.0,63.0,"[-572.5524291992188, 127.33267211914062, -42.93488311767578, 40.7375373840332, -12.629761695861816, 38.72040557861328, -14.974958419799805, 17.267494201660156, -14.449085235595703, 15.323578834533691, 0.3295898139476776, 3.536893129348755, 9.180230140686035]",3875.4182461444666,4277.42517792672,14.52293393362558,8522.77260638298,0.08846201795212766,0.001129637355916202
63.0,64.0,"[-445.960693359375, 158.4709014892578, -39.667686462402344, 36.92885971069336, 5.592238903045654, 33.58225631713867, 5.920844078063965, -18.32982635498047, -0.08320670574903488, 14.344955444335938, -8.30192756652832, 5.083334922790527, 9.294292449951172]",2461.886518163695,2853.7394411314554,17.958934432447638,4874.750664893617,0.060453374335106384,0.014973144978284836
64.0,65.0,"[-454.423583984375, 165.21641540527344, -32.071102142333984, 38.48381042480469, -1.4901859760284424, 35.55985641479492, 14.609554290771484, -27.91301155090332, 3.0614495277404785, 26.8258056640625, -7.498610973358154, 0.1529514193534851, 7.20113468170166]",2431.4036235674553,2856.1603075388116,18.516917254307664,4874.750664893617,0.060110538563829786,0.011987798847258091
65.0,66.0,"[-438.1095275878906, 168.3472442626953, -26.297348022460938, 23.16402816772461, -0.8514310121536255, 38.40049743652344, -1.2643665075302124, -14.146106719970703, 4.76395320892334, 6.871683120727539, -9.088471412658691, 5.265547752380371, 8.007943153381348]",2577.985199031029,2992.2982466412946,17.529078635263627,5232.297207446809,0.05949239527925532,0.017508413642644882
66.0,67.0,"[-454.1081848144531, 146.04257202148438, -52.90798568725586, 37.327144622802734, -5.194572925567627, 34.28357696533203, -2.549405574798584, -4.330559730529785, -5.442060947418213, 15.246758460998535, -5.350633144378662, 4.909634590148926, 10.344009399414062]",3187.0802234278594,3449.8633525010146,15.824920901918153,6404.670877659574,0.08091443650265957,0.006491709966212511
67.0,68.0,"[-448.8233337402344, 127.72010040283203, -68.1894760131836, 44.486000061035156, -6.978085041046143, 29.43381690979004, -18.92470932006836, 3.634434223175049, -8.375082015991211, 18.66580581665039, -3.6170053482055664, 6.176191806793213, -0.2656942903995514]",3905.4337825061807,3739.65136259409,15.678617939098098,7751.828457446809,0.10529213763297872,0.006113860756158829
68.0,69.0,"[-513.6356201171875, 114.55488586425781, -17.751829147338867, 13.212409019470215, 7.79133939743042, 24.382020950317383, 2.7833917140960693, 1.4471863508224487, -4.650742053985596, 9.03173542022705, -2.7765002250671387, -1.2784281969070435, 7.565450668334961]",3447.978321754591,3990.4052239104453,15.34439390778679,7536.153590425532,0.07437458444148937,0.005265616346150637
69.0,70.0,"[-420.46173095703125, 134.7158966064453, -38.15680694580078, 29.214828491210938, 0.5679352879524231, 20.79856300354004, 12.893942832946777, -14.930262565612793, -3.402385711669922, 13.957748413085938, -2.5866615772247314, -4.779110431671143, 2.3480236530303955]",2859.8602113929874,3013.1801158771696,16.915974569628855,5638.464095744681,0.07381358045212766,0.013003419153392315
70.0,71.0,"[-534.1063842773438, 134.72149658203125, -50.461097717285156, 28.949533462524414, -13.217321395874023, 41.82658004760742, -18.559450149536133, 12.967097282409668, -16.229276657104492, 16.270282745361328, -6.118070602416992, 4.481626510620117, 7.794839859008789]",3632.1168144881235,4044.0845275229963,14.928130847621473,7596.742021276596,0.0873555934175532,0.0016331577207893133
71.0,72.0,"[-449.0648193359375, 149.902099609375, -23.478975296020508, 28.642393112182617, 7.409707546234131, 33.04460525512695, 15.193399429321289, -18.66596031188965, 1.2043081521987915, 17.37004280090332, -5.660531044006348, 1.4517638683319092, 7.6066718101501465]",2693.0540009891715,3031.56530706452,17.957816234808583,5613.031914893617,0.06561668882978723,0.018581826239824295
72.0,73.0,"[-383.69659423828125, 158.7571563720703, -57.8710823059082, 40.09564971923828, -7.671024322509766, 39.404903411865234, 9.523662567138672, -17.379133224487305, 4.232748508453369, 12.694121360778809, -4.901139736175537, 6.921883583068848, 2.2684731483459473]",2809.4038110427905,2745.682607985342,17.70476903041267,5149.019281914893,0.0805196559175532,0.016812097281217575
73.0,74.0,"[-360.0077209472656, 189.6043701171875, -43.20925521850586, 50.97663116455078, -15.183899879455566, 41.84385681152344, 3.4692554473876953, -35.96647644042969, 14.995762825012207, 18.707714080810547, -14.229196548461914, 0.9183059334754944, 7.796600818634033]",2390.15051856179,2627.833532310001,19.384275489307168,5118.101728723404,0.06584524601063829,0.023660723119974136
74.0,75.0,"[-483.4193115234375, 147.9634246826172, -43.12472915649414, 37.22275161743164, -21.837242126464844, 41.48313903808594, -8.543326377868652, -15.95616340637207, -1.2878594398498535, 21.105592727661133, -7.471832752227783, 5.227339744567871, 9.9610013961792]",3430.6562191060266,3687.043230738954,16.477155496766905,7560.089760638298,0.08817632147606383,0.004014607984572649
75.0,76.0,"[-392.30999755859375, 138.46095275878906, -22.517284393310547, 47.18827819824219, -9.147677421569824, 42.46553039550781, -5.449460506439209, -13.687542915344238, 3.0442259311676025, 6.464303493499756, -12.736406326293945, 2.269274950027466, 4.309176445007324]",3212.2086242757878,3648.702871623906,18.285853743648314,7316.240026595745,0.07787566489361702,0.02093643695116043
76.0,77.0,"[-388.03826904296875, 165.196044921875, -29.73179054260254, 41.047630310058594, -23.9249210357666, 44.33858108520508, 6.31893253326416, -27.379762649536133, 3.4711296558380127, 12.750955581665039, -9.66634464263916, -2.1498024463653564, -2.8424575328826904]",2757.0979529602264,3030.4821911951312,18.41541152302095,5623.254654255319,0.07277987865691489,0.017849285155534744
77.0,78.0,"[-532.88818359375, 125.08648681640625, -30.62057876586914, 30.824119567871094, -14.634251594543457, 30.995519638061523, -15.32780933380127, 14.905313491821289, -15.09449291229248, 25.535104751586914, -3.0313005447387695, 10.963953018188477, 0.7715747356414795]",3893.065610080343,4542.574725627553,14.990187216623573,9173.038563829787,0.07877950465425532,0.0017517521046102047
78.0,79.0,"[-480.15740966796875, 144.97262573242188, -17.60295295715332, 20.924762725830078, -0.03686143830418587, 38.31507110595703, 11.85810375213623, -10.722132682800293, -0.7089399099349976, 16.235734939575195, 3.359196424484253, 5.59998083114624, 4.187370300292969]",2953.3926219091086,3566.6032027309348,16.709602322817904,6616.10704787234,0.0556900349069149,0.011870608665049076
79.0,80.0,"[-409.8862609863281, 163.61781311035156, -23.532550811767578, 37.48578643798828, -8.180170059204102, 39.87199020385742, 3.1626341342926025, -16.166269302368164, 19.065587997436523, 15.773563385009766, -6.403497695922852, 5.393001079559326, 2.2472643852233887]",2637.866085452033,3227.324124941799,18.10206774992746,6046.126994680851,0.05785613364361702,0.016541339457035065
80.0,81.0,"[-538.4165649414062, 131.67599487304688, -37.414947509765625, 28.088115692138672, -7.488631248474121, 39.52545928955078, -17.2583065032959, 12.068471908569336, -14.690738677978516, 23.839908599853516, -2.4231197834014893, 11.415146827697754, 3.641690492630005]",3713.8233155630637,4246.570031466701,15.110839139505474,7840.591755319149,0.08366751163563829,0.0018207018729299307
81.0,82.0,"[-481.56195068359375, 140.933837890625, -40.24069595336914, 32.09037399291992, 14.80205249786377, 36.112186431884766, 7.476202964782715, -18.22109603881836, -5.421963214874268, 18.217470169067383, 10.700594902038574, 3.482515335083008, -1.7544430494308472]",2966.8924690902522,3350.7088062899575,16.961487236379014,6127.659574468085,0.06451026429521277,0.010402936488389969
82.0,83.0,"[-479.1307373046875, 124.57176971435547, -35.85981369018555, 20.05363655090332, 3.757711887359619, 33.83742904663086, -1.681881070137024, -11.49807071685791, -6.941449165344238, 13.576533317565918, 5.563539981842041, 6.24428129196167, 5.960423946380615]",3364.172352935105,3655.9349235055083,16.760609819430528,7033.992686170212,0.08148063497340426,0.006150887813419104
83.0,84.0,"[-439.82861328125, 150.6636199951172, -25.80980110168457, 42.61212158203125, 11.54003620147705, 51.47917938232422, 13.783421516418457, -19.48931312561035, 5.76632833480835, 15.108175277709961, -6.519323348999023, 2.130821466445923, 0.2724422216415405]",2444.884725567145,2847.9452131203516,19.3692749078185,5043.799867021276,0.05233439993351064,0.019760064780712128
84.0,85.0,"[-526.9923706054688, 117.25582885742188, -32.90635681152344, 39.05419921875, -8.75626277923584, 31.85238265991211, -10.277099609375, 4.646140098571777, -12.374663352966309, 24.088314056396484, -4.62515926361084, 2.152491807937622, 0.9520059823989868]",4114.8589811853435,4368.654832431162,15.184368129440895,9054.105718085106,0.09496031416223404,0.001990402117371559
85.0,86.0,"[-418.7869567871094, 158.02098083496094, -14.077718734741211, 66.61366271972656, -8.024284362792969, 41.722110748291016, 7.11771297454834, -30.641414642333984, 6.265770435333252, 16.247962951660156, -4.18427038192749, -9.345993041992188, 1.7146811485290527]",2543.76461266343,3160.67313021989,19.98310097546402,6206.449468085107,0.050744888630319146,0.02478119172155857
86.0,87.0,"[-427.6444396972656, 151.27821350097656, -17.66874885559082, 57.32990646362305, 8.618220329284668, 51.53089141845703, 20.389497756958008, -19.78826332092285, 4.484879970550537, 17.19546127319336, 4.026458263397217, -6.838514804840088, -7.369863986968994]",1988.0751593493965,2709.7663543838835,20.411551766314375,4229.720744680851,0.03834046708776596,0.023702584207057953
87.0,88.0,"[-441.43206787109375, 152.2409210205078, -48.037540435791016, 35.346221923828125, -5.871010780334473, 29.45557403564453, -1.5530816316604614, -14.785676002502441, 9.779336929321289, 12.703293800354004, -2.54999041557312, 3.793734312057495, 3.5381979942321777]",2733.615066579392,2966.7261568247036,17.057121778955953,5553.191489361702,0.07189162234042554,0.009945453144609928
88.0,89.0,"[-412.3497009277344, 133.87673950195312, -99.59590148925781, 29.93044662475586, -12.070075988769531, 43.31859588623047, -18.013103485107422, -4.333304405212402, -14.046588897705078, 4.324493885040283, -7.4380059242248535, 6.563333034515381, -1.3140379190444946]",3372.8204955428273,3037.837461148664,16.188231597601813,6112.94880319149,0.09752119348404255,0.006986081134527922
89.0,90.0,"[-390.4436950683594, 119.64326477050781, -49.22614669799805, 33.80338668823242, 13.733246803283691, 36.22169494628906, 0.2062561810016632, -24.203330993652344, 3.2628333568573, 4.285649299621582, 1.4442211389541626, -2.7101147174835205, -3.6702160835266113]",3261.772826215839,3215.886736043636,17.723968257280816,6676.196808510638,0.08465965757978723,0.027374528348445892
90.0,91.0,"[-367.4967956542969, 161.85166931152344, -27.052743911743164, 27.97047233581543, 6.68703556060791, 27.105375289916992, 3.063661575317383, -27.5137882232666, -1.5121370553970337, 7.54341459274292, -11.286160469055176, -0.3841135501861572, 1.0291550159454346]",2123.492898683992,2448.783287466904,19.34193729751277,3988.115026595745,0.05274995844414894,0.02980814129114151
91.0,92.0,"[-401.7219543457031, 147.9024200439453, -62.79607009887695, 42.51027297973633, 11.466506004333496, 23.166160583496094, -5.072083950042725, -22.2460994720459, 0.9286757707595825, 10.556703567504883, 0.15111403167247772, 3.389754295349121, -3.1046268939971924]",2675.9916327706937,2415.508321101287,17.67461992496225,4589.261968085107,0.08049368351063829,0.017582954838871956
92.0,93.0,"[-441.2409973144531, 163.88409423828125, -39.50060272216797, 43.56904983520508, 11.301481246948242, 34.20997619628906, 12.767993927001953, -22.013233184814453, 2.9975476264953613, 15.820760726928711, -10.138251304626465, 0.1759294718503952, 3.062331199645996]",2367.2771202788063,2573.7665727615354,18.714288042019657,4373.836436170212,0.06245324966755319,0.01685952953994274
93.0,94.0,"[-555.5670166015625, 140.6182098388672, -56.6983528137207, 34.10727310180664, -13.406329154968262, 41.00236511230469, -17.438358306884766, 9.368285179138184, -15.764182090759277, 17.402698516845703, 1.7264187335968018, 1.231194019317627, 11.358020782470703]",3514.8213835732863,3835.0876641237032,15.005851177583136,7246.924867021276,0.08257667054521277,0.0016598692163825035
94.0,95.0,"[-518.0626831054688, 132.32765197753906, -15.397622108459473, 36.671512603759766, 8.144453048706055, 30.41496467590332, 9.209278106689453, -8.852925300598145, 0.5493486523628235, 19.624807357788086, 6.643271446228027, 4.527323246002197, 5.608156681060791]",3096.9382000893015,3759.758167063984,16.289157959091607,7251.163563829788,0.056219872007978726,0.009266955778002739
95.0,96.0,"[-412.5936584472656, 174.62786865234375, -37.670284271240234, 48.44087219238281, -1.7062031030654907, 48.85417938232422, 7.253541469573975, -22.807573318481445, 11.928929328918457, 16.97273826599121, -3.1661226749420166, 6.931767463684082, 5.669207572937012]",2227.1192186138574,2752.1128752238415,18.791316009740346,4523.936170212766,0.04613218916223404,0.017534611746668816
96.0,97.0,"[-498.9703674316406, 138.07061767578125, -62.124122619628906, 51.65226745605469, -22.862455368041992, 35.200199127197266, -17.14275550842285, 4.418050765991211, -13.883195877075195, 18.765056610107422, -3.860816240310669, -1.980764627456665, 4.917178153991699]",3664.8827330777985,3719.592708418846,15.152182301354799,7451.379654255319,0.09270071476063829,0.0024353002663701773
97.0,98.0,"[-586.7910766601562, 105.73641204833984, -28.4231014251709, 48.20528030395508, -3.4834272861480713, 30.55620765686035, -16.30233383178711, 19.88971519470215, -13.161052703857422, 20.666257858276367, 1.1758745908737183, 9.585254669189453, 4.647653579711914]",4560.64634028943,4820.605379328402,14.443099889149071,10692.48670212766,0.10003532247340426,0.0009341869154013693
98.0,99.0,"[-449.0081481933594, 149.34764099121094, -55.18468475341797, 28.73434066772461, -2.2046899795532227, 30.370864868164062, -9.043700218200684, -5.79695987701416, 6.90183162689209, 6.3991522789001465, -5.842482566833496, 12.603175163269043, 7.790632724761963]",3085.102770208391,3052.212181908934,17.078228366743534,5811.003989361702,0.08569855385638298,0.010037564672529697
99.0,100.0,"[-589.0576782226562, 110.02108001708984, -34.63315200805664, 47.7733268737793, -9.8456449508667, 36.2809944152832, -17.772245407104492, 18.478755950927734, -12.615888595581055, 19.905967712402344, -0.5743593573570251, 1.7201865911483765, 6.978121280670166]",4560.299498651634,4755.852761033654,13.846149831042805,10722.65625,0.098388671875,0.0007817337173037231
100.0,101.0,"[-496.2142333984375, 128.80252075195312, -24.951711654663086, 42.739501953125, 3.3145947456359863, 33.82535934448242, -2.993466377258301, -2.6837446689605713, 8.299407005310059, 11.546917915344238, -0.823846697807312, 3.611323356628418, 5.314879894256592]",3454.1898873922964,3811.2768791392996,16.595842005903556,7846.077127659574,0.08407787566489362,0.009877907112240791
101.0,102.0,"[-433.97576904296875, 154.81423950195312, -45.36041259765625, 48.35884475708008, -7.759764194488525, 54.79585266113281, 3.446604013442993, -0.048954617232084274, 10.20457649230957, 9.196845054626465, 4.403799057006836, 3.4579906463623047, 1.3586174249649048]",2693.2980519130374,3161.181179452758,17.592496951803582,5732.712765957447,0.061829911901595744,0.011074952781200409
102.0,103.0,"[-454.6279602050781, 153.9340057373047, -52.893592834472656, 44.92233657836914, -26.677087783813477, 33.78419494628906, -14.399636268615723, -1.7842859029769897, -3.3228373527526855, 16.898906707763672, -10.316502571105957, -2.770740509033203, 6.494106292724609]",3369.3555431717964,3594.8807538422907,16.00636125568385,7231.964760638298,0.08874771442819149,0.004673379939049482
103.0,104.0,"[-579.4462890625, 110.3667221069336, -25.378210067749023, 50.21818542480469, -11.229379653930664, 36.90003204345703, -16.922094345092773, 16.116838455200195, -10.075255393981934, 23.37500762939453, -1.0250741243362427, 7.434817790985107, 5.327794075012207]",4332.654659409948,4791.522481188189,14.63564454392938,10298.786569148937,0.07626018118351063,0.0011577922850847244
104.0,105.0,"[-524.4559936523438, 141.37750244140625, -72.65067291259766, 40.9887809753418, -9.755020141601562, 38.95102310180664, -16.024002075195312, 9.368781089782715, -10.109406471252441, 17.801197052001953, 0.25358906388282776, 7.984595775604248, 11.77417278289795]",3466.3383304462027,3618.9707657419394,15.447716750049324,7261.884973404255,0.07809902759308511,0.0030510129872709513
105.0,106.0,"[-426.948974609375, 164.9800262451172, -23.459184646606445, 27.285287857055664, 15.672262191772461, 41.368465423583984, 1.106764316558838, -20.533632278442383, 9.912419319152832, 7.999268054962158, -0.7566278576850891, 6.646727085113525, -1.5369114875793457]",2409.953547746095,2922.813918191656,18.05974469796905,5084.690824468085,0.04773208942819149,0.023572752252221107
106.0,107.0,"[-415.8730163574219, 155.22360229492188, -51.654457092285156, 39.289093017578125, -16.0490665435791, 44.899375915527344, -6.2969231605529785, -17.999692916870117, 0.4128713309764862, 8.258859634399414, -5.589384078979492, -3.192079544067383, 12.810988426208496]",2857.454353805753,3121.4060638301853,17.255939595457974,5819.23204787234,0.07551737034574468,0.010169630870223045
107.0,108.0,"[-499.7976379394531, 155.6859893798828, -65.6008071899414, 18.65030860900879, -10.524535179138184, 41.92826461791992, -20.036497116088867, 5.435678005218506, -14.517573356628418, 20.681716918945312, -4.363065242767334, 10.54568862915039, 6.838672161102295]",3055.7804084923805,3420.947808992778,15.557956023073272,5638.464095744681,0.07626018118351063,0.003277209587395191
108.0,109.0,"[-406.5762023925781, 174.11097717285156, -1.0755563974380493, 30.042142868041992, 1.9918463230133057, 41.28487777709961, 10.47758960723877, -29.636066436767578, 6.162224292755127, 11.432705879211426, -7.831784725189209, -8.890031814575195, 0.36281079053878784]",1900.5036962704212,2588.5889291957446,19.44678051450846,3791.3896276595747,0.037893741688829786,0.03210467845201492
109.0,110.0,"[-422.3059387207031, 136.1612091064453, -61.721981048583984, 37.0073127746582, -22.283823013305664, 39.53371047973633, -13.537845611572266, -0.6954501271247864, -13.153904914855957, 5.603446960449219, -7.2657151222229, -0.06696418672800064, 9.382863998413086]",3548.43364659011,3550.439669915958,16.326511722781397,7224.235372340426,0.09364611037234043,0.0066988104954361916
110.0,111.0,"[-444.63226318359375, 166.65176391601562, -34.64467239379883, 8.458271026611328, -0.4859638214111328, 21.188196182250977, -1.780678391456604, -20.931156158447266, 3.3396389484405518, 11.750060081481934, -5.957383155822754, 2.7450766563415527, 6.290320873260498]",2319.7574231276044,2643.941451544435,17.04060084967778,3987.865691489362,0.06208963597074468,0.013539383187890053
111.0,112.0,"[-388.7257995605469, 173.8217315673828, -4.908566474914551, 48.79585647583008, -8.539529800415039, 53.072837829589844, 19.1887264251709, -37.75058364868164, -7.971214294433594, 21.64859962463379, -2.5886592864990234, -13.800273895263672, -1.0220037698745728]",2094.1381108752953,2760.342790691327,21.17109859411553,4470.079787234043,0.045233543882978726,0.028976496309041977
112.0,113.0,"[-419.97406005859375, 176.9646759033203, -25.277996063232422, 41.02217483520508, -17.49391746520996, 29.014591217041016, 11.95296573638916, -19.093891143798828, 1.4414137601852417, 14.421475410461426, -6.199703693389893, -7.401097774505615, -3.290081262588501]",2185.6082440872433,2517.552313813846,19.457632262408172,3862.9488031914893,0.05894178025265957,0.01890520006418228
113.0,114.0,"[-400.8045654296875, 158.6744842529297, -17.39879035949707, 26.288450241088867, -12.206661224365234, 41.78438186645508, 9.247932434082031, -25.096040725708008, -1.662149429321289, 16.788148880004883, -11.393878936767578, -2.838226318359375, 1.4948192834854126]",2449.305742663693,2680.9664058520884,19.781662068831285,4511.968085106383,0.0663594996675532,0.02205083891749382
114.0,115.0,"[-397.13916015625, 180.6812286376953, -28.8472957611084, 20.67111587524414, 5.375218391418457, 29.215492248535156, 8.19248104095459, -28.244220733642578, -11.95595645904541, 3.191925287246704, -9.701546669006348, -5.6799445152282715, -0.513103187084198]",1977.306122124713,2339.046717586505,18.939117119566284,3551.529255319149,0.04644385804521277,0.02185000479221344
115.0,116.0,"[-424.85650634765625, 129.40455627441406, -57.72340393066406, 41.802555084228516, 7.41007137298584, 27.70891761779785, 2.73978853225708, -12.030535697937012, -7.431277751922607, 3.7281272411346436, -13.690951347351074, -2.7759199142456055, 9.534337997436523]",2889.30294554049,2743.191593673482,18.36196635762829,5022.35704787234,0.08001059674202128,0.013888927176594734
116.0,117.0,"[-492.22515869140625, 161.73602294921875, -87.0178451538086, 34.4870719909668, -23.894691467285156, 36.23196792602539, -16.43155288696289, 7.234480381011963, -14.19310188293457, 9.620654106140137, -6.250968933105469, 0.06047574430704117, 11.800638198852539]",3115.4313445849193,3145.2917778018386,15.397550205998991,5875.083111702128,0.08908016123670212,0.0028722805436700583
117.0,118.0,"[-535.2705688476562, 119.92560577392578, -28.04753303527832, 24.63629722595215, -7.507347106933594, 24.37039566040039, -6.180652141571045, 4.367668151855469, -8.411138534545898, 12.725423812866211, 0.2981736361980438, 1.5624397993087769, 4.332735061645508]",3805.0021176608757,4200.9408480497,14.493136343356678,8313.331117021276,0.08831657247340426,0.001807978143915534
118.0,119.0,"[-431.3819274902344, 140.31167602539062, -55.502098083496094, 38.46531295776367, -13.715703010559082, 28.495807647705078, -9.434998512268066, -0.02737678401172161, -5.497854232788086, 13.728767395019531, -5.622437000274658, 4.105101108551025, 5.426681995391846]",3402.6269909489133,3526.2641688626877,15.899966876736904,7062.416888297872,0.0842752659574468,0.007955814711749554
119.0,120.0,"[-430.8580322265625, 144.71876525878906, 1.1718353033065796, 25.61574935913086, -3.4165945053100586, 48.83052062988281, -1.659406304359436, -12.053121566772461, -3.3129639625549316, 2.413794755935669, -6.094804286956787, -4.565858840942383, 2.0574123859405518]",2890.7513196097702,3695.5686631654066,19.02004336039846,6736.785239361702,0.05601209275265957,0.024431604892015457
120.0,121.0,"[-416.8959045410156, 157.13751220703125, -14.384485244750977, 28.246597290039062, -4.639708042144775, 26.0335693359375, 7.008936882019043, -14.455856323242188, 12.520195960998535, 8.965266227722168, -8.725809097290039, 2.1443281173706055, -3.930952787399292]",2603.9529657604785,2859.618133553944,19.020488500962763,5308.843085106383,0.060723487367021274,0.02432580664753914
121.0,122.0,"[-421.9512634277344, 141.82810974121094, -8.68818187713623, 35.82373809814453, -18.660789489746094, 57.22502517700195, 5.59897518157959, -31.129392623901367, 7.858287334442139, 9.138779640197754, -10.872116088867188, -9.091873168945312, 6.496428966522217]",3081.7592819467673,3509.9353682888905,19.91947396322131,7018.035239361702,0.07450444647606383,0.018669353798031807
122.0,123.0,"[-420.4500427246094, 167.59898376464844, 8.653159141540527, 35.83100891113281, -10.28446102142334, 62.995262145996094, 9.0057373046875, -33.58266067504883, 4.275887489318848, 2.8057329654693604, -3.2928316593170166, -10.324597358703613, -6.016841888427734]",1933.1399047869243,2848.6499292695216,21.377970616372103,4237.450132978724,0.036444481382978726,0.02383899874985218
123.0,124.0,"[-449.3088073730469, 166.0179443359375, -17.339826583862305, 43.28139877319336, -13.823561668395996, 57.698699951171875, 3.247971773147583, -18.96405029296875, -0.5457751750946045, 15.42756462097168, 0.5942068099975586, -5.936945915222168, 1.962681531906128]",2416.9851399690433,3146.918837647305,18.79048428391294,4833.610372340426,0.05086436170212766,0.012906712479889393
124.0,125.0,"[-429.2236633300781, 159.24163818359375, -16.75405502319336, 27.347553253173828, -11.762324333190918, 46.61769104003906, 8.283499717712402, -9.945068359375, 3.87575364112854, 12.219460487365723, -3.989391565322876, 1.9034297466278076, 1.544904351234436]",2733.049364507757,3156.9535807693555,18.373340065660084,5796.043882978724,0.0616221326462766,0.017877906560897827
125.0,126.0,"[-436.81219482421875, 131.0289764404297, -29.103744506835938, 25.45171546936035, -4.057055473327637, 54.97112274169922, 5.644318103790283, -15.109772682189941, -5.357697486877441, 15.808002471923828, 0.192871555685997, 2.717149496078491, 6.1082048416137695]",3297.1840300495714,3512.4211300373586,17.774872936354473,6559.507978723404,0.08786984707446809,0.011639120988547802
126.0,127.0,"[-453.8923645019531, 142.57171630859375, -50.46101379394531, 28.91177749633789, -6.697391510009766, 44.51783752441406, -13.155434608459473, -8.959024429321289, 0.5064388513565063, 17.06462287902832, -5.985949516296387, 3.2706596851348877, 5.843242168426514]",3094.078894127833,3376.3944084234386,17.360383841291675,6159.325132978724,0.07547062001329788,0.008649340830743313
127.0,128.0,"[-519.0641479492188, 145.19561767578125, -63.70408248901367, 30.94772720336914, -15.5171480178833, 44.660037994384766, -20.155426025390625, 9.091182708740234, -14.71644401550293, 15.565074920654297, -2.510161876678467, 5.589370250701904, 8.041226387023926]",3477.4918767103018,3718.898021429735,14.972866457789117,6964.926861702128,0.08648811502659574,0.002290615113452077
128.0,129.0,"[-576.6942138671875, 114.2119140625, -42.69632339477539, 46.81488800048828, -5.832568645477295, 36.1957893371582, -19.85271644592285, 19.00982666015625, -11.095979690551758, 20.065080642700195, 2.0832295417785645, 3.3586881160736084, 6.342516899108887]",4223.50519128947,4515.801552947277,14.15323198531974,9641.28989361702,0.08512196642287234,0.0010164481354877353
129.0,130.0,"[-557.3095703125, 105.81295013427734, -27.667640686035156, 40.747230529785156, -4.783888339996338, 34.1452522277832, -17.621015548706055, 17.679059982299805, -13.963821411132812, 22.227949142456055, -5.224183082580566, 7.628053188323975, -0.1644149124622345]",4608.870360856803,4930.876537407556,14.01622273628946,10957.280585106382,0.09549015126329788,0.001051354338414967
130.0,131.0,"[-457.2827453613281, 133.2049560546875, -7.673959255218506, 27.650949478149414, 14.862756729125977, 29.74093246459961, 7.872694969177246, -16.416542053222656, -3.197108268737793, 17.825054168701172, -0.5635727643966675, -4.3528618812561035, -0.31997156143188477]",3015.674455315178,3168.8808330265765,18.258669640665822,6432.596409574468,0.06788148271276596,0.026693234220147133
131.0,132.0,"[-446.11376953125, 145.8264923095703, -0.4870423376560211, 10.088229179382324, 4.802841663360596, 8.951313018798828, -4.749862194061279, -15.78775691986084, 2.703906774520874, 8.370476722717285, -4.00933837890625, -1.5366036891937256, 2.2511541843414307]",2494.83132795316,3040.757004761088,18.175919735993567,5154.005984042553,0.05761199301861702,0.02125072106719017
132.0,133.0,"[-514.7014770507812, 151.95567321777344, -63.48175048828125, 24.13877296447754, -12.43863582611084, 37.515892028808594, -16.13802146911621, 11.386119842529297, -12.241491317749023, 16.136146545410156, -2.030989170074463, 8.826471328735352, 11.071243286132812]",3251.3433172079694,3568.850124219722,15.405002338276256,6490.940824468085,0.0774912732712766,0.0029542935080826283
133.0,134.0,"[-451.5306701660156, 134.7914276123047, -1.8301469087600708, 12.382328987121582, 8.94406795501709, 29.649967193603516, 7.424487113952637, -22.95651626586914, -1.5827744007110596, 8.725310325622559, -5.117153644561768, -0.9373186826705933, 1.9661911725997925]",2996.587815921358,3424.4132429800948,18.639895246814557,6677.942154255319,0.064208984375,0.027454668655991554
134.0,135.0,"[-411.45477294921875, 157.5850372314453, -31.242149353027344, 28.356000900268555, 7.424391746520996, 30.38344383239746, 2.278515338897705, -27.50786781311035, -0.07794897258281708, 6.094844818115234, -10.45682144165039, -4.490961074829102, -8.743300437927246]",2324.13449805014,2554.1036486641297,19.509142937985256,4337.932180851064,0.058287275598404256,0.024185985326766968
135.0,136.0,"[-556.9097290039062, 142.3019256591797, -42.613407135009766, 52.95414352416992, -15.291804313659668, 38.513580322265625, -15.026931762695312, 12.216426849365234, -14.59924030303955, 10.322955131530762, -3.114583730697632, -1.7086106538772583, 10.372178077697754]",3459.4780031278397,4065.2176950896583,15.47678032253325,8091.173537234043,0.0639128989361702,0.002056945813819766
136.0,137.0,"[-538.9261474609375, 115.3083724975586, -3.1294472217559814, 38.73660659790039, 2.4769840240478516, 17.732154846191406, -6.692533016204834, -2.288008689880371, -2.3547000885009766, 5.964754581451416, -1.2733449935913086, -3.6050021648406982, 2.4522705078125]",3504.965412700466,4181.082661154483,16.330596376412164,8288.896276595744,0.06400639960106383,0.0035982104018330574
137.0,138.0,"[-433.4044189453125, 134.8131103515625, -34.21665573120117, 28.036794662475586, 3.7316465377807617, 30.401702880859375, -3.813682794570923, -12.43133544921875, -5.402206897735596, -0.24085775017738342, -2.3025689125061035, -0.7232238054275513, -6.461727619171143]",2937.198762779547,3390.2271032301614,17.093051064556477,6089.261968085107,0.0634298121675532,0.010772551409900188
138.0,139.0,"[-395.7241516113281, 130.43145751953125, -79.94319152832031, 47.28872299194336, -23.806610107421875, 29.89830207824707, -22.409502029418945, 5.669752597808838, -12.210675239562988, 16.42759895324707, -15.723309516906738, 1.2242939472198486, -5.241416931152344]",3814.794086220177,3475.7770347648443,15.506119195671939,7212.765957446809,0.11213326961436171,0.0064628347754478455
139.0,140.0,"[-433.2234802246094, 123.90858459472656, -65.96446990966797, 44.24006652832031, -16.555620193481445, 36.02688980102539, -21.094820022583008, 7.424372673034668, -19.063472747802734, 10.137170791625977, -15.0487699508667, 5.305670738220215, -5.958606243133545]",3993.7546254624713,3827.0358649966347,15.058087404555486,7800.698138297872,0.10875685671542554,0.004081618506461382
140.0,141.0,"[-390.61834716796875, 143.96798706054688, -45.405574798583984, 22.269052505493164, -16.602436065673828, 27.15101432800293, -10.387330055236816, -22.071636199951172, -13.04748821258545, -1.213542103767395, -9.859390258789062, 0.928866446018219, -6.305599212646484]",2996.3212936196155,3370.2711926357124,18.981604768669506,6214.926861702128,0.06337267287234043,0.018010422587394714
141.0,142.0,"[-403.4142150878906, 131.20530700683594, -55.4159049987793, 25.51885414123535, -13.302063941955566, 33.981361389160156, -7.599327087402344, -7.881298542022705, -13.5287446975708, -1.1907031536102295, -7.434896469116211, 3.835421085357666, -0.23448844254016876]",3378.062046197175,3509.5818061877403,17.643135952610795,6784.158909574468,0.08362595578457446,0.010812412016093731
142.0,143.0,"[-376.494140625, 144.3535919189453, -37.09055709838867, 23.07229232788086, 10.370809555053711, 28.928417205810547, 4.140753746032715, -27.4821720123291, -3.185603141784668, 4.826045989990234, -9.722902297973633, 3.4636876583099365, 2.530834674835205]",2399.785800801417,2512.108983761093,19.880168970469544,4551.11369680851,0.05746135305851064,0.031068148091435432
143.0,144.0,"[-529.407470703125, 126.85160064697266, -34.78994369506836, 41.734169006347656, -1.1920115947723389, 29.719030380249023, -9.718489646911621, 11.69349479675293, -10.654261589050293, 14.095524787902832, -2.315854072570801, 4.884842395782471, 6.490450382232666]",3667.081849148786,4051.7806666233387,15.141830716293775,8019.115691489362,0.075927734375,0.00278462003916502
144.0,145.0,"[-536.4306030273438, 163.44805908203125, 1.4966654777526855, 49.131263732910156, 6.081969738006592, 20.047435760498047, -13.560352325439453, 13.402408599853516, -14.714056968688965, 18.32284927368164, -8.986430168151855, 8.379179954528809, 1.1157950162887573]",2321.701143204436,3882.1343593110523,16.791870496057744,5473.154920212766,0.03015396442819149,0.004224380943924189
145.0,146.0,"[-529.2413330078125, 143.70655822753906, 11.556593894958496, 44.038734436035156, -0.47534728050231934, 27.678977966308594, -21.662296295166016, 16.70976448059082, -19.32719612121582, 15.774642944335938, -11.795165061950684, 6.609263896942139, -7.28562593460083]",2962.2813362117668,4627.375719186035,15.962078218454483,7787.483377659574,0.03409138131648936,0.0030517999548465014
146.0,147.0,"[-530.4594116210938, 144.26072692871094, 10.00846004486084, 43.396697998046875, 0.5822741985321045, 31.892471313476562, -19.57968521118164, 19.382789611816406, -17.737545013427734, 14.579445838928223, -12.887263298034668, 4.750973701477051, -6.247183799743652]",2899.810381943293,4592.907072560515,15.454387715008096,7638.380984042553,0.0326161486037234,0.003060370683670044
147.0,148.0,"[-514.781982421875, 143.8177947998047, -3.8289616107940674, 45.0530891418457, -3.795194625854492, 33.404205322265625, -21.189668655395508, 17.427249908447266, -18.068178176879883, 14.399374008178711, -12.314489364624023, 5.707614898681641, -8.716353416442871]",3063.314450940578,4480.597910149611,15.32561829665999,7844.08244680851,0.042745387300531915,0.0030458259861916304
148.0,149.0,"[-527.6965942382812, 140.26876831054688, -3.962216854095459, 44.22076416015625, -3.811671257019043, 31.851152420043945, -20.608949661254883, 19.073986053466797, -20.21938133239746, 12.938750267028809, -11.27051830291748, 3.7514030933380127, -8.233846664428711]",3264.2936266340894,4628.03730578727,15.261336518497075,8541.722074468085,0.0428960272606383,0.0024923125747591257
149.0,150.0,"[-544.1282348632812, 133.8601531982422, -0.16106750071048737, 39.79750442504883, -4.94521951675415, 30.504589080810547, -23.378482818603516, 19.964427947998047, -16.708269119262695, 15.506847381591797, -11.307512283325195, 6.73512601852417, -5.817420959472656]",3657.2509857734544,4933.608007859437,14.524120221216029,10007.064494680852,0.058282081117021274,0.0016987129347398877
150.0,151.0,"[-545.3867797851562, 125.93562316894531, 0.31460487842559814, 37.8564567565918, -0.6184301972389221, 32.210994720458984, -19.218053817749023, 20.774826049804688, -18.0382080078125, 15.91169261932373, -12.695241928100586, 9.002009391784668, -5.530563831329346]",3955.6393105551197,5157.686444356525,14.70293349211627,10811.41954787234,0.06706594913563829,0.0016114248428493738
151.0,152.0,"[-553.2879638671875, 114.24457550048828, -4.042337417602539, 38.46675109863281, 2.9752442836761475, 34.89376449584961, -15.727190971374512, 24.072954177856445, -15.47693157196045, 20.240299224853516, -8.794206619262695, 13.096139907836914, -2.956928253173828]",4335.337171138587,5337.330690943621,13.878922032857593,11652.67619680851,0.07042677859042554,0.0014291555853560567
152.0,153.0,"[-562.3485717773438, 140.84278869628906, -1.5645321607589722, 40.455406188964844, 12.735695838928223, 25.211669921875, -7.408507823944092, 17.0861759185791, -10.866106033325195, 15.687546730041504, -3.883129119873047, 8.19195556640625, 2.0763843059539795]",3111.8603510840258,4269.87649302014,15.457690892116817,7655.585106382979,0.05079683344414894,0.0033860199619084597
153.0,154.0,"[-467.6912841796875, 149.99411010742188, -27.314594268798828, 48.16154479980469, 4.556057929992676, 24.494327545166016, -14.785210609436035, 3.7227234840393066, -8.310636520385742, 8.88926887512207, 1.3684715032577515, 4.785252571105957, -6.412412643432617]",2683.0524674746553,3557.8120956462876,16.926217185087793,5647.440159574468,0.05271879155585106,0.008546647615730762
154.0,155.0,"[-557.7310791015625, 222.601806640625, 16.044301986694336, 20.418603897094727, 25.3046932220459, 9.09260368347168, -19.75457191467285, 7.709127902984619, -14.324085235595703, 5.736993789672852, -2.32658314704895, -3.146681070327759, -6.283375263214111]",1200.5489384648135,2295.746559800411,17.849709559232203,2087.433510638298,0.01663792386968085,0.007381563540548086
155.0,156.0,"[-430.941162109375, 182.16896057128906, -59.76667022705078, 51.04530715942383, 7.866257190704346, 20.787273406982422, -16.194856643676758, -5.881622314453125, -12.06082820892334, 8.2359037399292, -3.7369942665100098, 1.1765977144241333, -4.062328815460205]",2460.8121868346248,2628.9366313571545,17.52754101069135,4227.227393617021,0.0716786486037234,0.011065156199038029
156.0,157.0,"[-483.16754150390625, 184.98648071289062, -38.23767852783203, 44.692996978759766, 13.97028636932373, 15.531683921813965, -10.164297103881836, -2.028306245803833, -15.565020561218262, 8.091403007507324, -1.9311641454696655, -3.225684404373169, -6.5422797203063965]",2100.901411981632,2857.829517141522,16.905463279348044,3788.646941489362,0.0465321642287234,0.008243313059210777
157.0,158.0,"[-533.1064453125, 156.5843963623047, 2.42598557472229, 44.52960205078125, -9.745972633361816, 31.332338333129883, -23.041851043701172, 19.78431510925293, -17.104448318481445, 12.444595336914062, -13.624170303344727, 1.0887887477874756, -3.7973649501800537]",2721.385680997452,4307.349601043526,15.653727533394745,6734.291888297872,0.038293716755319146,0.0028771564830094576
158.0,159.0,"[-538.6593017578125, 148.53256225585938, 0.04250437021255493, 50.13762664794922, -8.067904472351074, 33.20215606689453, -20.864402770996094, 19.150531768798828, -17.879697799682617, 11.239616394042969, -10.908468246459961, 2.5246918201446533, -3.8233513832092285]",2996.468002938741,4467.796129729289,15.496508392347616,7802.692819148936,0.03988322805851064,0.002445629797875881
159.0,160.0,"[-549.080078125, 137.36773681640625, 1.1228244304656982, 40.73456954956055, -4.712515830993652, 31.994413375854492, -17.664424896240234, 25.014219284057617, -12.68658447265625, 15.859942436218262, -11.235301971435547, 2.2264952659606934, -8.597627639770508]",3375.620339894527,4833.864225662503,15.076876676012223,9294.464760638299,0.0459244099069149,0.0019516735337674618
160.0,161.0,"[-520.8778076171875, 155.91574096679688, -37.32880401611328, 32.371726989746094, 3.2514333724975586, 35.5737190246582, -14.640214920043945, 18.739967346191406, -9.7586030960083, 16.072267532348633, -3.2717623710632324, 8.85072135925293, -7.052107334136963]",2954.153568365888,3851.5629683053057,15.714323588835573,6569.23204787234,0.05970017453457447,0.0030073586385697126
161.0,162.0,"[-527.903076171875, 214.22764587402344, -19.411054611206055, 9.858512878417969, 22.847326278686523, 20.95644187927246, -6.936665058135986, 3.59745717048645, -6.0324225425720215, 12.447848320007324, 4.554701328277588, 10.750167846679688, 1.9611403942108154]",1592.5654963737854,2333.939147514843,16.723423114528664,2705.285904255319,0.03428357712765957,0.007250719703733921
162.0,163.0,"[-449.49139404296875, 214.9539794921875, -86.21002960205078, 24.032485961914062, 20.888442993164062, 12.38676643371582, -4.933255672454834, -8.021790504455566, -10.867541313171387, -5.270358085632324, 11.793464660644531, 22.182424545288086, -11.082477569580078]",2130.147502868224,2164.6836524997666,18.30099767349518,3534.3251329787236,0.06512840757978723,0.008919226005673409
163.0,164.0,"[-540.4287109375, 211.40234375, -10.404699325561523, 30.618011474609375, 16.19110679626465, 10.47560977935791, -4.776795864105225, 12.604220390319824, -18.042064666748047, 11.271161079406738, -5.261901378631592, -0.6266651749610901, 0.2932274341583252]",1306.3257796989087,2547.3551209095053,17.209958106902718,2149.019281914894,0.016949592752659573,0.006509618367999792
164.0,165.0,"[-440.6261291503906, 148.45587158203125, -16.232715606689453, 29.74882698059082, -7.89624547958374, 25.933271408081055, -16.943532943725586, 5.620399475097656, -12.467219352722168, 9.09147834777832, 2.2683072090148926, 3.202024459838867, 0.5712289214134216]",2778.2243988507303,3887.685399552069,16.406762312261755,6197.473404255319,0.04734769780585106,0.011669628322124481
165.0,166.0,"[-511.4833679199219, 153.11724853515625, -17.004573822021484, 45.59571838378906, -6.221281051635742, 33.723793029785156, -20.8322696685791, 14.90752124786377, -16.77668571472168, 11.161431312561035, -5.806756973266602, 5.145166397094727, -1.1563892364501953]",2901.556705745827,4092.7535868796203,16.265230276349435,6795.628324468085,0.04614777260638298,0.003420282853767276
166.0,167.0,"[-578.3524169921875, 136.39930725097656, 4.201265811920166, 25.011444091796875, -5.0125579833984375, 33.6072883605957, -7.384639739990234, 16.730182647705078, -17.4478702545166, 12.35905933380127, -9.164152145385742, 11.958377838134766, -3.089816093444824]",3107.957852255108,4546.892010078242,15.018865819612238,7822.390292553191,0.04298433344414894,0.0021622218191623688
167.0,168.0,"[-618.717529296875, 232.71034240722656, 89.34949493408203, -3.5719165802001953, -13.320590019226074, 12.265972137451172, 21.641765594482422, 7.778117656707764, -6.114501476287842, -4.056775093078613, 3.5902814865112305, 1.3969852924346924, -5.766013145446777]",531.2022429767391,1108.0160737441831,18.344545111629774,786.1535904255319,0.014409491356382979,0.009229694493114948
168.0,169.0,"[-563.7340698242188, 284.29119873046875, 66.1952133178711, -34.000186920166016, -12.393181800842285, 17.453197479248047, 12.444016456604004, 0.3020174503326416, -2.4576215744018555, 1.5307214260101318, 5.39149808883667, 3.0420594215393066, -2.144995927810669]",627.1056380374491,856.4976524007193,18.715808409818905,1034.4913563829787,0.024102393617021278,0.014125739224255085
169.0,170.0,"[-553.1103515625, 270.71734619140625, 74.25703430175781, -24.216144561767578, -12.556022644042969, 16.92402458190918, 16.854360580444336, 0.5921084880828857, -9.74164867401123, -6.67163610458374, 1.846628189086914, 5.279555320739746, 1.9195834398269653]",592.2237559911173,858.8387703100494,18.42261839336426,1014.2952127659574,0.018887134308510637,0.015543467365205288
170.0,171.0,"[-568.3457641601562, 272.400390625, 81.1440658569336, -24.844980239868164, -14.663738250732422, 23.550901412963867, 23.971885681152344, 0.7640181183815002, -9.127642631530762, -1.0023608207702637, 3.571070671081543, -3.495220184326172, -7.8409905433654785]",575.4505651391308,918.16193802491,17.910426420684985,1037.9820478723404,0.016175615026595744,0.014495671726763248
171.0,172.0,"[-567.42822265625, 277.0346984863281, 90.8077392578125, -21.334016799926758, -17.811115264892578, 21.719667434692383, 25.495359420776367, 1.3240220546722412, -10.479535102844238, -0.728277325630188, 6.91780948638916, -1.387614130973816, -11.312255859375]",519.9894181674731,796.8377800849079,18.066020767911063,871.9248670212766,0.01695998171542553,0.018761638551950455
172.0,173.0,"[-557.27197265625, 272.78094482421875, 78.24224090576172, -28.872480392456055, -16.13507652282715, 23.79014015197754, 26.25402069091797, 6.538656711578369, -2.097855806350708, 4.530641078948975, 10.692904472351074, 6.741984844207764, -2.17659854888916]",543.9888105568546,825.787246608095,18.953880454176808,983.1283244680851,0.01697556515957447,0.017933987081050873
173.0,174.0,"[-564.99853515625, 276.343994140625, 73.96723937988281, -29.45654296875, -12.900864601135254, 25.32679557800293, 25.980266571044922, 6.349762439727783, -3.8563742637634277, 1.3767335414886475, 9.99390697479248, 9.993378639221191, 1.8509280681610107]",576.4830800878005,915.9662651607479,18.204212019442128,1055.934175531915,0.015775639960106384,0.017216524109244347
174.0,175.0,"[-550.1527709960938, 273.4476318359375, 73.5255126953125, -31.63930320739746, -15.874659538269043, 22.060352325439453, 20.327775955200195, 1.0880855321884155, -5.739482402801514, -2.2784841060638428, 0.3560755252838135, 0.4954310357570648, -0.2652216851711273]",601.6118225505531,870.6573501489872,18.125706230326372,1069.6476063829787,0.01814432347074468,0.017781123518943787
175.0,176.0,"[-530.4933471679688, 291.8474426269531, 51.32746887207031, -45.7021598815918, -0.4546918272972107, 33.86029052734375, 9.428175926208496, -8.392928123474121, 0.8856909871101379, 1.1690011024475098, -10.818392753601074, -9.337517738342285, 1.834932804107666]",644.4845678892741,850.7382543420463,16.729864291100238,1195.561835106383,0.02062209109042553,0.016664104536175728
176.0,177.0,"[-492.6858825683594, 287.6896057128906, 54.191680908203125, -39.86681365966797, 3.3847098350524902, 34.35622024536133, 8.124588966369629, -9.39974308013916, 1.4319148063659668, 3.460066556930542, -6.850133419036865, -4.183265686035156, 6.130104064941406]",599.2596033313393,794.75363323668,18.04297505179084,1094.3317819148936,0.018622215757978722,0.02684169076383114
177.0,178.0,"[-481.7194519042969, 287.8194580078125, 40.89787673950195, -44.58481979370117, 2.2043418884277344, 26.079044342041016, 4.379470348358154, -5.017062664031982, 2.267639398574829, 4.282073974609375, 1.0652952194213867, -0.9530404806137085, -0.2773077189922333]",694.1948854213795,852.3270513604182,18.153476148256324,1268.3676861702127,0.020897398603723406,0.024520426988601685
178.0,179.0,"[-492.3763732910156, 293.884521484375, 42.38720703125, -46.3111686706543, 4.423857688903809, 30.138076782226562, 3.3249592781066895, -6.990674018859863, 4.274427890777588, 3.150491237640381, -5.908341884613037, -5.095328330993652, -0.7494781017303467]",702.004440017437,845.496063689509,17.828121761837426,1306.7652925531916,0.021640209441489363,0.022809961810708046
179.0,180.0,"[-489.89007568359375, 288.7478942871094, 40.545265197753906, -39.710411071777344, 6.717767715454102, 30.228269577026367, 10.669487953186035, -3.7295784950256348, -0.9134959578514099, 3.2335617542266846, -1.2974233627319336, -7.633145809173584, -5.558297157287598]",646.9647634588442,816.1273810932703,18.198186840464665,1220.994015957447,0.019515666555851064,0.023355960845947266
180.0,181.0,"[-505.5059814453125, 291.7989501953125, 44.74006652832031, -38.94550704956055, 4.930227756500244, 28.45493507385254, 12.127789497375488, -0.003973331768065691, 0.09493760764598846, 5.860976219177246, 5.456350326538086, -7.650001525878906, -11.201394081115723]",612.2865397720507,803.0121092251804,17.82063994617464,1115.7746010638298,0.01990525265957447,0.021669330075383186
181.0,182.0,"[-490.4179382324219, 296.14984130859375, 33.40530014038086, -42.865604400634766, 9.869181632995605, 21.834121704101562, -2.4923832416534424, -1.6861227750778198, 5.662989616394043, 0.466340571641922, -2.1685338020324707, -1.2438445091247559, -1.9414467811584473]",663.6794931423998,792.6984937024855,17.0440570374307,1162.400265957447,0.02164540392287234,0.02238496020436287
182.0,183.0,"[-477.525390625, 289.44287109375, 39.02460479736328, -45.233299255371094, 5.684633731842041, 25.894681930541992, -2.267890453338623, -7.362665176391602, 5.722036838531494, 1.407142996788025, -6.5003662109375, -1.12830650806427, 2.4211769104003906]",661.3745893163499,778.2423719280903,17.11219930336632,1182.596409574468,0.02075714760638298,0.024815035983920097
183.0,184.0,"[-479.35113525390625, 282.34527587890625, 44.933204650878906, -38.20506286621094, 1.963594675064087, 24.87944221496582, 8.8721342086792, 0.5158286690711975, 6.344552993774414, 8.036176681518555, 3.2982635498046875, 0.28068113327026367, 0.6741864085197449]",606.2570731327698,800.764141905417,17.144139783761787,1127.7426861702127,0.016705452127659573,0.026547184213995934
184.0,185.0,"[-493.56768798828125, 289.18609619140625, 57.179786682128906, -40.520023345947266, -4.9845709800720215, 27.294692993164062, 10.04172420501709, -8.130722999572754, -2.8062620162963867, 6.155261039733887, 2.4830522537231445, -5.752342224121094, -4.380650520324707]",623.5535907382731,769.41737502594,18.157921588943363,1073.6369680851064,0.019629945146276594,0.026335788890719414
185.0,186.0,"[-456.605224609375, 276.9716491699219, 49.76027297973633, -35.93739318847656, -1.286565899848938, 24.59657859802246, 11.454565048217773, -3.6667308807373047, -3.4924209117889404, 5.2045698165893555, 4.4454827308654785, -8.359960556030273, -9.452598571777344]",662.0887658048208,829.9488025203837,18.616427311669312,1182.845744680851,0.01859104886968085,0.03272896260023117
186.0,187.0,"[-467.6424560546875, 258.6788024902344, 85.29229736328125, -20.160797119140625, -15.691815376281738, 23.44814109802246, 26.4487361907959, 3.8613736629486084, -3.435736894607544, 7.006537914276123, 10.535401344299316, 2.4719855785369873, -1.5646448135375977]",468.58360666425096,693.8699079387877,17.180865712427135,921.7918882978723,0.011168134973404254,0.04209759458899498
187.0,188.0,"[-472.7203369140625, 256.14208984375, 85.5188980102539, -17.47645378112793, -14.575214385986328, 22.603309631347656, 27.40182113647461, 4.435499668121338, -7.152278900146484, 3.143528938293457, 11.43896198272705, 4.133919715881348, -3.7605040073394775]",453.1142531279258,678.5814955587177,17.853498408698535,879.404920212766,0.011781083776595746,0.039749979972839355
188.0,189.0,"[-448.71319580078125, 282.54913330078125, 48.97801208496094, -37.764610290527344, 1.3729902505874634, 30.09206771850586, 16.471834182739258, 0.25737637281417847, -0.574089765548706, 6.749637126922607, 4.420893669128418, -10.1306791305542, -12.72436809539795]",616.1237803093674,795.0664555806035,17.99559211176091,1210.0232712765958,0.014762716090425532,0.036832280457019806
189.0,190.0,"[-334.2998962402344, 264.79986572265625, -15.819990158081055, -25.004459381103516, 32.855228424072266, 3.641172409057617, 2.949169158935547, 22.880868911743164, 1.4042959213256836, -2.404196262359619, 10.637062072753906, -6.026309490203857, -12.053213119506836]",887.1159953309877,1001.3422257866597,16.672556925345933,1712.184175531915,0.023131025598404256,0.05331201106309891
190.0,191.0,"[-311.9909362792969, 271.4036865234375, -28.360803604125977, -11.53758716583252, 38.644256591796875, -9.873003005981445, 2.7259111404418945, 22.935684204101562, -9.46818733215332, -2.541947841644287, 13.809597969055176, -9.238482475280762, -8.5858793258667]",954.1613478235133,1128.159423371328,16.129439886886676,1848.0718085106382,0.023250498670212765,0.06313258409500122
191.0,192.0,"[-364.7593994140625, 278.9058837890625, 27.0489501953125, -30.039344787597656, 9.951360702514648, 14.30686092376709, 8.622550964355469, 4.696174621582031, -4.010006904602051, 2.403240442276001, 5.195374488830566, -8.3174409866333, -9.207972526550293]",742.3981633665188,845.4450793197783,18.767822936821375,1330.4521276595744,0.02427900598404255,0.07153990864753723
192.0,193.0,"[-377.6092224121094, 267.54620361328125, 53.71599197387695, -30.7520694732666, -13.164647102355957, 13.83134937286377, 21.379213333129883, 6.94567346572876, -3.753751754760742, 5.0935258865356445, 3.5283336639404297, -9.781322479248047, -6.322532653808594]",681.0229698938812,754.5437299834987,20.56465072651365,1172.623005319149,0.025452958776595744,0.06968702375888824
193.0,194.0,"[-437.54974365234375, 261.05810546875, 69.5811538696289, -27.797801971435547, -23.148033142089844, 15.462053298950195, 27.32207679748535, 1.4516959190368652, -8.939615249633789, 5.243552207946777, -0.5771735906600952, -10.659472465515137, -0.3305702805519104]",640.0811732565377,728.8513039881727,20.136986426988777,1119.7639627659576,0.025681515957446808,0.03978942334651947
194.0,195.0,"[-647.7857666015625, 237.4453582763672, 49.70924377441406, -43.03591537475586, -44.60519790649414, 1.8123607635498047, 32.25030517578125, 1.6400734186172485, -21.089548110961914, -1.0134278535842896, 1.2869831323623657, -9.740925788879395, -3.2295756340026855]",1059.0649526339644,1577.651216972883,19.235983341594803,1406.000664893617,0.03871446974734043,0.00397877162322402
